<?xml version="1.0" encoding="UTF-8"?>
<beans xmlns="http://www.springframework.org/schema/beans"
	xmlns:xsi="http://www.w3.org/2001/XMLSchema-instance"
	xmlns:p="http://www.springframework.org/schema/p"
	xsi:schemaLocation="http://www.springframework.org/schema/beans
 http://www.springframework.org/schema/beans/spring-beans.xsd">

	<bean class="springfirstapp.Employee" name="employee">
		<property name="name" value="Nisha"/>
			<property name="email" value="nisha.devikar@yash.com"/>
			<property name="id" value="1014794"/>
			<property name="salary" value="10000"/>
	</bean>
	<!-- IF WE CREATE ANOTHER BEAN CLASS  -->
	<bean class="springfirstapp.Employee" name="employee1" p:name="devikar" p:email="@yash" p:id="1014794" p:salary="10000"/>
		<!--<property name="name" value="yash"/>
			<property name="email" value="@yash.com"/>

	</bean>-->
</beans>


