<?xml version="1.0" encoding="UTF-8"?>

<!DOCTYPE hibernate-mapping PUBLIC 
    "-//Hibernate/Hibernate Mapping DTD 3.0//EN"
    "http://www.hibernate.org/dtd/hibernate-mapping-3.0.dtd">
   <hibernate-mapping>
   <class name = "yash.com.InheritanceTablePerHierarchy" table = "employee101">
  
      
      <meta attribute = "class-description">
         This class contains the employee detail. 
      </meta>
      
      <id name = "id" type = "int" column = "id">
         <generator class="native"/>  
      </id>
      
      <property name = "name" column = "name" type = "string"/>
     
      <property name = "id" column = "id" type = "int"/>
      
      <one-to-one name="id" class="yash.com.InheritanceTablePerHierarchy.Employee" foreign-key="true" cascade="all"></one-to-one>
         </class>
</hibernate-mapping>
