<?xml version="1.0" encoding="UTF-8"?>
<!DOCTYPE hibernate-mapping PUBLIC 
    "-//Hibernate/Hibernate Mapping DTD 3.0//EN"
    "http://www.hibernate.org/dtd/hibernate-mapping-3.0.dtd">
   <hibernate-mapping>
   <class name = "com.yash.HiberOneToMany.Answer" table = "ans5991">
    <meta attribute = "class-description">
         This class contains the employee detail. 
      </meta>
      
      <id name = "id" type = "int" column = "id">
         <generator class="native"/>  
      </id>
      
      <property name = "id" column = "id" type = "int"/>
      <property name = "answername" column = "answername" type = "string"/>
      <property name = "postedBy" column = "postedBy" type = "string"/>
      
      
         </class>
</hibernate-mapping>
      